Workbook

Sheet สรุปเปรียบเทียบ
A1: สรุปผล Confusion Matrix ทั้งสองชุด
A3: รายการ | B3: ชุดตัวอย่าง | C3: ผลทดลองจริง
A4: TP | B4: 150 | C4: 540
A5: TN | B5: 900 | C5: 2375
A6: FP | B6: 30 | C6: 25
A7: FN | B7: 20 | C7: 60
A8: จำนวนทั้งหมด | B8: 1100 | C8: 3000
A9: Accuracy | B9: ='ชุดตัวอย่าง'!B16 | C9: ='ผลทดลองจริง'!B16
A10: Precision | B10: ='ชุดตัวอย่าง'!B17 | C10: ='ผลทดลองจริง'!B17
A11: Recall | B11: ='ชุดตัวอย่าง'!B18 | C11: ='ผลทดลองจริง'!B18
A12: F1-score | B12: ='ชุดตัวอย่าง'!B19 | C12: ='ผลทดลองจริง'!B19
A13: False Positive Rate | B13: ='ชุดตัวอย่าง'!B20 | C13: ='ผลทดลองจริง'!B20

Sheet ชุดตัวอย่าง
A1: Confusion Matrix — ชุดตัวอย่าง
A2: ข้อมูลตัวอย่างจำนวน 1,100 กรณี
B4: Actual Normal | C4: Actual Suspicious | D4: รวมผลทำนาย
A5: Predicted Normal | B5: 900 | C5: 20 | D5: =SUM(B5:C5)
A6: Predicted Suspicious | B6: 30 | C6: 150 | D6: =SUM(B6:C6)
A7: รวมข้อมูลจริง | B7: =SUM(B5:B6) | C7: =SUM(C5:C6) | D7: =SUM(B5:C6)
A9: ค่า | B9: จำนวน | C9: ความหมาย
A10: TP | B10: 150 | C10: ตรวจพบพฤติกรรมน่าสงสัยได้ถูกต้อง
A11: TN | B11: 900 | C11: ระบุพฤติกรรมปกติได้ถูกต้อง
A12: FP | B12: 30 | C12: ผู้ใช้ปกติถูกแจ้งว่าน่าสงสัย
A13: FN | B13: 20 | C13: พฤติกรรมน่าสงสัยที่ระบบตรวจไม่พบ
A15: ตัวชี้วัด | B15: ผลลัพธ์ | C15: สูตร
A16: Accuracy | B16: =($B$10+$B$11)/SUM($B$10:$B$13) | C16: (TP+TN)/(TP+TN+FP+FN)
A17: Precision | B17: =$B$10/($B$10+$B$12) | C17: TP/(TP+FP)
A18: Recall / Detection Rate | B18: =$B$10/($B$10+$B$13) | C18: TP/(TP+FN)
A19: F1-score | B19: =2*$B$10/(2*$B$10+$B$12+$B$13) | C19: 2TP/(2TP+FP+FN)
A20: False Positive Rate | B20: =$B$12/($B$12+$B$11) | C20: FP/(FP+TN)

Sheet ผลทดลองจริง
A1: Confusion Matrix — ผลทดลองจริง
A2: ผลจากระบบจริง รหัส EXP-20260910-105023 จำนวน 3,000 กรณี
B4: Actual Normal | C4: Actual Suspicious | D4: รวมผลทำนาย
A5: Predicted Normal | B5: 2375 | C5: 60 | D5: =SUM(B5:C5)
A6: Predicted Suspicious | B6: 25 | C6: 540 | D6: =SUM(B6:C6)
A7: รวมข้อมูลจริง | B7: =SUM(B5:B6) | C7: =SUM(C5:C6) | D7: =SUM(B5:C6)
A9: ค่า | B9: จำนวน | C9: ความหมาย
A10: TP | B10: 540 | C10: ตรวจพบพฤติกรรมน่าสงสัยได้ถูกต้อง
A11: TN | B11: 2375 | C11: ระบุพฤติกรรมปกติได้ถูกต้อง
A12: FP | B12: 25 | C12: ผู้ใช้ปกติถูกแจ้งว่าน่าสงสัย
A13: FN | B13: 60 | C13: พฤติกรรมน่าสงสัยที่ระบบตรวจไม่พบ
A15: ตัวชี้วัด | B15: ผลลัพธ์ | C15: สูตร
A16: Accuracy | B16: =($B$10+$B$11)/SUM($B$10:$B$13) | C16: (TP+TN)/(TP+TN+FP+FN)
A17: Precision | B17: =$B$10/($B$10+$B$12) | C17: TP/(TP+FP)
A18: Recall / Detection Rate | B18: =$B$10/($B$10+$B$13) | C18: TP/(TP+FN)
A19: F1-score | B19: =2*$B$10/(2*$B$10+$B$12+$B$13) | C19: 2TP/(2TP+FP+FN)
A20: False Positive Rate | B20: =$B$12/($B$12+$B$11) | C20: FP/(FP+TN)
